"USERNAME","PASSWORD","ENABLED"
"servlet1120","$2a$10$ifLJhsDfy5mIaidHwAXFKed1xuigqkQLVby8ufKYjvJPbGPnDktsi",1
"servlet1121","$2a$10$pg/Y4O3EeOipcUcjP2kWW.HBgAqenro8u6EBaAhQL/BthXR7KZquK",1
"servlet1122","$2a$10$pg/Y4O3EeOipcUcjP2kWW.HBgAqenro8u6EBaAhQL/BthXR7KZquK",1
"servlet1123","$2a$10$pg/Y4O3EeOipcUcjP2kWW.HBgAqenro8u6EBaAhQL/BthXR7KZquK",1
"servlet1124","$2a$10$pg/Y4O3EeOipcUcjP2kWW.HBgAqenro8u6EBaAhQL/BthXR7KZquK",1
"servlet1125","$2a$10$pg/Y4O3EeOipcUcjP2kWW.HBgAqenro8u6EBaAhQL/BthXR7KZquK",1
"servlet1126","$2a$10$pg/Y4O3EeOipcUcjP2kWW.HBgAqenro8u6EBaAhQL/BthXR7KZquK",1
"servlet1127","$2a$10$pg/Y4O3EeOipcUcjP2kWW.HBgAqenro8u6EBaAhQL/BthXR7KZquK",1
"servlet1128","$2a$10$pg/Y4O3EeOipcUcjP2kWW.HBgAqenro8u6EBaAhQL/BthXR7KZquK",1
"servlet1129","$2a$10$pg/Y4O3EeOipcUcjP2kWW.HBgAqenro8u6EBaAhQL/BthXR7KZquK",1
"servlet1130","$2a$10$pg/Y4O3EeOipcUcjP2kWW.HBgAqenro8u6EBaAhQL/BthXR7KZquK",1
"servlet1131","$2a$10$pg/Y4O3EeOipcUcjP2kWW.HBgAqenro8u6EBaAhQL/BthXR7KZquK",1
"servlet1132","$2a$10$pg/Y4O3EeOipcUcjP2kWW.HBgAqenro8u6EBaAhQL/BthXR7KZquK",1
"servlet1133","$2a$10$pg/Y4O3EeOipcUcjP2kWW.HBgAqenro8u6EBaAhQL/BthXR7KZquK",1
"servlet1134","$2a$10$pg/Y4O3EeOipcUcjP2kWW.HBgAqenro8u6EBaAhQL/BthXR7KZquK",1
"servlet1135","$2a$10$pg/Y4O3EeOipcUcjP2kWW.HBgAqenro8u6EBaAhQL/BthXR7KZquK",1
"servlet1136","$2a$10$pg/Y4O3EeOipcUcjP2kWW.HBgAqenro8u6EBaAhQL/BthXR7KZquK",1
"servlet1137","$2a$10$pg/Y4O3EeOipcUcjP2kWW.HBgAqenro8u6EBaAhQL/BthXR7KZquK",1
"servlet1138","$2a$10$pg/Y4O3EeOipcUcjP2kWW.HBgAqenro8u6EBaAhQL/BthXR7KZquK",1
"servlet1139","$2a$10$pg/Y4O3EeOipcUcjP2kWW.HBgAqenro8u6EBaAhQL/BthXR7KZquK",1
"servlet1140","$2a$10$pg/Y4O3EeOipcUcjP2kWW.HBgAqenro8u6EBaAhQL/BthXR7KZquK",1
"servlet1141","$2a$10$pg/Y4O3EeOipcUcjP2kWW.HBgAqenro8u6EBaAhQL/BthXR7KZquK",1
"servlet1142","$2a$10$pg/Y4O3EeOipcUcjP2kWW.HBgAqenro8u6EBaAhQL/BthXR7KZquK",1
"servlet1143","$2a$10$pg/Y4O3EeOipcUcjP2kWW.HBgAqenro8u6EBaAhQL/BthXR7KZquK",1
"servlet1144","$2a$10$pg/Y4O3EeOipcUcjP2kWW.HBgAqenro8u6EBaAhQL/BthXR7KZquK",1
"servlet1145","$2a$10$pg/Y4O3EeOipcUcjP2kWW.HBgAqenro8u6EBaAhQL/BthXR7KZquK",1
"servlet1146","$2a$10$pg/Y4O3EeOipcUcjP2kWW.HBgAqenro8u6EBaAhQL/BthXR7KZquK",1
"servlet1147","$2a$10$pg/Y4O3EeOipcUcjP2kWW.HBgAqenro8u6EBaAhQL/BthXR7KZquK",1
"servlet1148","$2a$10$pg/Y4O3EeOipcUcjP2kWW.HBgAqenro8u6EBaAhQL/BthXR7KZquK",1
"servlet1149","$2a$10$pg/Y4O3EeOipcUcjP2kWW.HBgAqenro8u6EBaAhQL/BthXR7KZquK",1
"servlet1150","$2a$10$pg/Y4O3EeOipcUcjP2kWW.HBgAqenro8u6EBaAhQL/BthXR7KZquK",1
"servlet1151","$2a$10$pg/Y4O3EeOipcUcjP2kWW.HBgAqenro8u6EBaAhQL/BthXR7KZquK",1
"servlet1152","$2a$10$pg/Y4O3EeOipcUcjP2kWW.HBgAqenro8u6EBaAhQL/BthXR7KZquK",1
"servlet1153","$2a$10$pg/Y4O3EeOipcUcjP2kWW.HBgAqenro8u6EBaAhQL/BthXR7KZquK",1
"servlet1154","$2a$10$pg/Y4O3EeOipcUcjP2kWW.HBgAqenro8u6EBaAhQL/BthXR7KZquK",1
"servlet1155","$2a$10$pg/Y4O3EeOipcUcjP2kWW.HBgAqenro8u6EBaAhQL/BthXR7KZquK",1
"servlet1156","$2a$10$pg/Y4O3EeOipcUcjP2kWW.HBgAqenro8u6EBaAhQL/BthXR7KZquK",1
"servlet1157","$2a$10$pg/Y4O3EeOipcUcjP2kWW.HBgAqenro8u6EBaAhQL/BthXR7KZquK",1
"servlet1158","$2a$10$pg/Y4O3EeOipcUcjP2kWW.HBgAqenro8u6EBaAhQL/BthXR7KZquK",1
"servlet1159","$2a$10$pg/Y4O3EeOipcUcjP2kWW.HBgAqenro8u6EBaAhQL/BthXR7KZquK",1
"servlet1160","$2a$10$pg/Y4O3EeOipcUcjP2kWW.HBgAqenro8u6EBaAhQL/BthXR7KZquK",1
"servlet1161","$2a$10$pg/Y4O3EeOipcUcjP2kWW.HBgAqenro8u6EBaAhQL/BthXR7KZquK",1
"servlet1162","$2a$10$pg/Y4O3EeOipcUcjP2kWW.HBgAqenro8u6EBaAhQL/BthXR7KZquK",1
"servlet1163","$2a$10$pg/Y4O3EeOipcUcjP2kWW.HBgAqenro8u6EBaAhQL/BthXR7KZquK",1
"servlet1164","$2a$10$pg/Y4O3EeOipcUcjP2kWW.HBgAqenro8u6EBaAhQL/BthXR7KZquK",1
"servlet1165","$2a$10$pg/Y4O3EeOipcUcjP2kWW.HBgAqenro8u6EBaAhQL/BthXR7KZquK",1
"servlet1166","$2a$10$pg/Y4O3EeOipcUcjP2kWW.HBgAqenro8u6EBaAhQL/BthXR7KZquK",1
"servlet1167","$2a$10$pg/Y4O3EeOipcUcjP2kWW.HBgAqenro8u6EBaAhQL/BthXR7KZquK",1
"servlet1168","$2a$10$pg/Y4O3EeOipcUcjP2kWW.HBgAqenro8u6EBaAhQL/BthXR7KZquK",1
"servlet1169","$2a$10$pg/Y4O3EeOipcUcjP2kWW.HBgAqenro8u6EBaAhQL/BthXR7KZquK",1
"servlet1170","$2a$10$pg/Y4O3EeOipcUcjP2kWW.HBgAqenro8u6EBaAhQL/BthXR7KZquK",1
"servlet1171","$2a$10$pg/Y4O3EeOipcUcjP2kWW.HBgAqenro8u6EBaAhQL/BthXR7KZquK",1
"servlet1172","$2a$10$pg/Y4O3EeOipcUcjP2kWW.HBgAqenro8u6EBaAhQL/BthXR7KZquK",1
"servlet1173","$2a$10$pg/Y4O3EeOipcUcjP2kWW.HBgAqenro8u6EBaAhQL/BthXR7KZquK",1
"servlet1174","$2a$10$pg/Y4O3EeOipcUcjP2kWW.HBgAqenro8u6EBaAhQL/BthXR7KZquK",1
"servlet1175","$2a$10$pg/Y4O3EeOipcUcjP2kWW.HBgAqenro8u6EBaAhQL/BthXR7KZquK",1
"servlet1176","$2a$10$pg/Y4O3EeOipcUcjP2kWW.HBgAqenro8u6EBaAhQL/BthXR7KZquK",1
"servlet1177","$2a$10$pg/Y4O3EeOipcUcjP2kWW.HBgAqenro8u6EBaAhQL/BthXR7KZquK",1
"servlet1178","$2a$10$pg/Y4O3EeOipcUcjP2kWW.HBgAqenro8u6EBaAhQL/BthXR7KZquK",1
"servlet1179","$2a$10$pg/Y4O3EeOipcUcjP2kWW.HBgAqenro8u6EBaAhQL/BthXR7KZquK",1
"servlet1180","$2a$10$pg/Y4O3EeOipcUcjP2kWW.HBgAqenro8u6EBaAhQL/BthXR7KZquK",1
"servlet1181","$2a$10$pg/Y4O3EeOipcUcjP2kWW.HBgAqenro8u6EBaAhQL/BthXR7KZquK",1
"servlet1182","$2a$10$pg/Y4O3EeOipcUcjP2kWW.HBgAqenro8u6EBaAhQL/BthXR7KZquK",1
"servlet1183","$2a$10$pg/Y4O3EeOipcUcjP2kWW.HBgAqenro8u6EBaAhQL/BthXR7KZquK",1
"servlet1184","$2a$10$pg/Y4O3EeOipcUcjP2kWW.HBgAqenro8u6EBaAhQL/BthXR7KZquK",1
"servlet1185","$2a$10$pg/Y4O3EeOipcUcjP2kWW.HBgAqenro8u6EBaAhQL/BthXR7KZquK",1
"servlet1186","$2a$10$pg/Y4O3EeOipcUcjP2kWW.HBgAqenro8u6EBaAhQL/BthXR7KZquK",1
"servlet1187","$2a$10$pg/Y4O3EeOipcUcjP2kWW.HBgAqenro8u6EBaAhQL/BthXR7KZquK",1
"servlet1188","$2a$10$pg/Y4O3EeOipcUcjP2kWW.HBgAqenro8u6EBaAhQL/BthXR7KZquK",1
"servlet1189","$2a$10$pg/Y4O3EeOipcUcjP2kWW.HBgAqenro8u6EBaAhQL/BthXR7KZquK",1
"servlet1190","$2a$10$pg/Y4O3EeOipcUcjP2kWW.HBgAqenro8u6EBaAhQL/BthXR7KZquK",1
"servlet1191","$2a$10$pg/Y4O3EeOipcUcjP2kWW.HBgAqenro8u6EBaAhQL/BthXR7KZquK",1
"servlet1192","$2a$10$pg/Y4O3EeOipcUcjP2kWW.HBgAqenro8u6EBaAhQL/BthXR7KZquK",1
"servlet1193","$2a$10$pg/Y4O3EeOipcUcjP2kWW.HBgAqenro8u6EBaAhQL/BthXR7KZquK",1
"servlet1194","$2a$10$pg/Y4O3EeOipcUcjP2kWW.HBgAqenro8u6EBaAhQL/BthXR7KZquK",1
"servlet1195","$2a$10$pg/Y4O3EeOipcUcjP2kWW.HBgAqenro8u6EBaAhQL/BthXR7KZquK",1
"servlet1196","$2a$10$pg/Y4O3EeOipcUcjP2kWW.HBgAqenro8u6EBaAhQL/BthXR7KZquK",1
"servlet1197","$2a$10$pg/Y4O3EeOipcUcjP2kWW.HBgAqenro8u6EBaAhQL/BthXR7KZquK",1
"servlet1198","$2a$10$pg/Y4O3EeOipcUcjP2kWW.HBgAqenro8u6EBaAhQL/BthXR7KZquK",1
"servlet1199","$2a$10$pg/Y4O3EeOipcUcjP2kWW.HBgAqenro8u6EBaAhQL/BthXR7KZquK",1
"servlet1200","$2a$10$pg/Y4O3EeOipcUcjP2kWW.HBgAqenro8u6EBaAhQL/BthXR7KZquK",1
"servlet1201","$2a$10$pg/Y4O3EeOipcUcjP2kWW.HBgAqenro8u6EBaAhQL/BthXR7KZquK",1
"servlet1202","$2a$10$pg/Y4O3EeOipcUcjP2kWW.HBgAqenro8u6EBaAhQL/BthXR7KZquK",1
"servlet1203","$2a$10$pg/Y4O3EeOipcUcjP2kWW.HBgAqenro8u6EBaAhQL/BthXR7KZquK",1
"servlet1204","$2a$10$pg/Y4O3EeOipcUcjP2kWW.HBgAqenro8u6EBaAhQL/BthXR7KZquK",1
"servlet1205","$2a$10$pg/Y4O3EeOipcUcjP2kWW.HBgAqenro8u6EBaAhQL/BthXR7KZquK",1
"servlet1206","$2a$10$pg/Y4O3EeOipcUcjP2kWW.HBgAqenro8u6EBaAhQL/BthXR7KZquK",1
"servlet1207","$2a$10$pg/Y4O3EeOipcUcjP2kWW.HBgAqenro8u6EBaAhQL/BthXR7KZquK",1
"servlet1208","$2a$10$pg/Y4O3EeOipcUcjP2kWW.HBgAqenro8u6EBaAhQL/BthXR7KZquK",1
"servlet1209","$2a$10$pg/Y4O3EeOipcUcjP2kWW.HBgAqenro8u6EBaAhQL/BthXR7KZquK",1
"servlet1210","$2a$10$pg/Y4O3EeOipcUcjP2kWW.HBgAqenro8u6EBaAhQL/BthXR7KZquK",1
"do5541hyun","$2a$10$pg/Y4O3EeOipcUcjP2kWW.HBgAqenro8u6EBaAhQL/BthXR7KZquK",1
