"USER_ROLE_ID","USERNAME","ROLE"
102,"do5541hyun","ROLE_ADMIN"
103,"servlet1111","ROLE_USER"
104,"servlet1112","ROLE_USER"
105,"servlet1113","ROLE_USER"
106,"servlet1114","ROLE_USER"
107,"servlet1115","ROLE_USER"
108,"servlet1116","ROLE_USER"
109,"servlet1117","ROLE_USER"
110,"servlet1118","ROLE_USER"
10,"servlet1120","ROLE_USER"
11,"servlet1121","ROLE_USER"
12,"servlet1122","ROLE_USER"
13,"servlet1123","ROLE_USER"
14,"servlet1124","ROLE_USER"
15,"servlet1125","ROLE_USER"
16,"servlet1126","ROLE_USER"
17,"servlet1127","ROLE_USER"
18,"servlet1128","ROLE_USER"
19,"servlet1129","ROLE_USER"
20,"servlet1130","ROLE_USER"
21,"servlet1131","ROLE_USER"
22,"servlet1132","ROLE_USER"
23,"servlet1133","ROLE_USER"
24,"servlet1134","ROLE_USER"
25,"servlet1135","ROLE_USER"
26,"servlet1136","ROLE_USER"
27,"servlet1137","ROLE_USER"
28,"servlet1138","ROLE_USER"
29,"servlet1139","ROLE_USER"
30,"servlet1140","ROLE_USER"
31,"servlet1141","ROLE_USER"
32,"servlet1142","ROLE_USER"
33,"servlet1143","ROLE_USER"
34,"servlet1144","ROLE_USER"
35,"servlet1145","ROLE_USER"
36,"servlet1146","ROLE_USER"
37,"servlet1147","ROLE_USER"
38,"servlet1148","ROLE_USER"
39,"servlet1149","ROLE_USER"
40,"servlet1150","ROLE_USER"
41,"servlet1151","ROLE_USER"
42,"servlet1152","ROLE_USER"
43,"servlet1153","ROLE_USER"
44,"servlet1154","ROLE_USER"
45,"servlet1155","ROLE_USER"
46,"servlet1156","ROLE_USER"
47,"servlet1157","ROLE_USER"
48,"servlet1158","ROLE_USER"
49,"servlet1159","ROLE_USER"
50,"servlet1160","ROLE_USER"
51,"servlet1161","ROLE_USER"
52,"servlet1162","ROLE_USER"
53,"servlet1163","ROLE_USER"
54,"servlet1164","ROLE_USER"
55,"servlet1165","ROLE_USER"
56,"servlet1166","ROLE_USER"
57,"servlet1167","ROLE_USER"
58,"servlet1168","ROLE_USER"
59,"servlet1169","ROLE_USER"
60,"servlet1170","ROLE_USER"
61,"servlet1171","ROLE_USER"
62,"servlet1172","ROLE_USER"
63,"servlet1173","ROLE_USER"
64,"servlet1174","ROLE_USER"
65,"servlet1175","ROLE_USER"
66,"servlet1176","ROLE_USER"
67,"servlet1177","ROLE_USER"
68,"servlet1178","ROLE_USER"
69,"servlet1179","ROLE_USER"
70,"servlet1180","ROLE_USER"
71,"servlet1181","ROLE_USER"
72,"servlet1182","ROLE_USER"
73,"servlet1183","ROLE_USER"
74,"servlet1184","ROLE_USER"
75,"servlet1185","ROLE_USER"
76,"servlet1186","ROLE_USER"
77,"servlet1187","ROLE_USER"
78,"servlet1188","ROLE_USER"
79,"servlet1189","ROLE_USER"
80,"servlet1190","ROLE_USER"
81,"servlet1191","ROLE_USER"
82,"servlet1192","ROLE_USER"
83,"servlet1193","ROLE_USER"
84,"servlet1194","ROLE_USER"
85,"servlet1195","ROLE_USER"
86,"servlet1196","ROLE_USER"
87,"servlet1197","ROLE_USER"
88,"servlet1198","ROLE_USER"
89,"servlet1199","ROLE_USER"
90,"servlet1200","ROLE_USER"
91,"servlet1201","ROLE_USER"
92,"servlet1202","ROLE_USER"
93,"servlet1203","ROLE_USER"
94,"servlet1204","ROLE_USER"
95,"servlet1205","ROLE_USER"
96,"servlet1206","ROLE_USER"
97,"servlet1207","ROLE_USER"
98,"servlet1208","ROLE_USER"
99,"servlet1209","ROLE_USER"
100,"servlet1210","ROLE_USER"
