"USERNAME","PASSHINT","PASSANS","NAME","POSTCODE","ADDRESS","ADDRESS2","PHONE","PHONE2","PHONE3","EMAIL","EMAIL2","JOINDATE","BIRTHDAY","CHEMAIL","CHPHONE"
"servlet1120","hint01","fsdfsfg","서블릿1120","12345","부천*학교","서울 구로*학원","010","1234","5678","servlet120","naver.com",19/02/26,19/03/01,0,0
"servlet1121","hint01","fsdfsfg","서블릿1121","12345","부천*학교","서울 구로*학원","010","1234","5678","servlet121","naver.com",19/02/26,90/01/01,0,0
"servlet1122","hint01","fsdfsfg","서블릿1122","12345","부천*학교","서울 구로*학원","010","1234","5678","servlet122","naver.com",19/02/26,90/01/01,0,0
"servlet1123","hint01","fsdfsfg","서블릿1123","12345","부천*학교","서울 구로*학원","010","1234","5678","servlet123","naver.com",19/02/26,90/01/01,0,0
"servlet1124","hint01","fsdfsfg","서블릿1124","12345","부천*학교","서울 구로*학원","010","1234","5678","servlet124","naver.com",19/02/26,90/01/01,0,0
"servlet1125","hint01","2525","서블릿1125","12345","부천*학교","서울 구로*학원","010","1234","5678","servlet1125","naver.com",19/02/26,19/01/01,0,0
"servlet1126","hint01","fsdfsfg","서블릿1126","12345","부천*학교","서울 구로*학원","010","1234","5678","servlet126","naver.com",19/02/26,90/01/01,0,0
"servlet1127","hint01","fsdfsfg","서블릿1127","12345","부천*학교","서울 구로*학원","010","1234","5678","servlet127","naver.com",19/02/26,90/01/01,0,0
"servlet1128","hint01","fsdfsfg","서블릿1128","12345","부천*학교","서울 구로*학원","010","1234","5678","servlet128","naver.com",19/02/26,90/01/01,0,0
"servlet1129","hint01","fsdfsfg","서블릿1129","12345","부천*학교","서울 구로*학원","010","1234","5678","servlet129","naver.com",19/02/26,90/01/01,0,0
"servlet1130","hint01","fsdfsfg","서블릿1130","12345","부천*학교","서울 구로*학원","010","1234","5678","servlet130","naver.com",19/02/26,90/01/01,0,0
"servlet1131","hint01","fsdfsfg","서블릿1131","12345","부천*학교","서울 구로*학원","010","1234","5678","servlet131","naver.com",19/02/26,90/01/01,0,0
"servlet1132","hint01","fsdfsfg","서블릿1132","12345","부천*학교","서울 구로*학원","010","1234","5678","servlet132","naver.com",19/02/26,90/01/01,0,0
"servlet1133","hint01","fsdfsfg","서블릿1133","12345","부천*학교","서울 구로*학원","010","1234","5678","servlet133","naver.com",19/02/26,90/01/01,0,0
"servlet1134","hint01","fsdfsfg","서블릿1134","12345","부천*학교","서울 구로*학원","010","1234","5678","servlet134","naver.com",19/02/26,90/01/01,0,0
"servlet1135","hint01","fsdfsfg","서블릿1135","12345","부천*학교","서울 구로*학원","010","1234","5678","servlet135","naver.com",19/02/26,90/01/01,0,0
"servlet1136","hint01","fsdfsfg","서블릿1136","12345","부천*학교","서울 구로*학원","010","1234","5678","servlet136","naver.com",19/02/26,90/01/01,0,0
"servlet1137","hint01","fsdfsfg","서블릿1137","12345","부천*학교","서울 구로*학원","010","1234","5678","servlet137","naver.com",19/02/26,90/01/01,0,0
"servlet1138","hint01","fsdfsfg","서블릿1138","12345","부천*학교","서울 구로*학원","010","1234","5678","servlet138","naver.com",19/02/26,90/01/01,0,0
"servlet1139","hint01","fsdfsfg","서블릿1139","12345","부천*학교","서울 구로*학원","010","1234","5678","servlet139","naver.com",19/02/26,90/01/01,0,0
"servlet1140","hint01","fsdfsfg","서블릿1140","12345","부천*학교","서울 구로*학원","010","1234","5678","servlet140","naver.com",19/02/26,90/01/01,0,0
"servlet1141","hint01","fsdfsfg","서블릿1141","12345","부천*학교","서울 구로*학원","010","1234","5678","servlet141","naver.com",19/02/26,90/01/01,0,0
"servlet1142","hint01","fsdfsfg","서블릿1142","12345","부천*학교","서울 구로*학원","010","1234","5678","servlet142","naver.com",19/02/26,90/01/01,0,0
"servlet1143","hint01","fsdfsfg","서블릿1143","12345","부천*학교","서울 구로*학원","010","1234","5678","servlet143","naver.com",19/02/26,90/01/01,0,0
"servlet1144","hint01","fsdfsfg","서블릿1144","12345","부천*학교","서울 구로*학원","010","1234","5678","servlet144","naver.com",19/02/26,90/01/01,0,0
"servlet1145","hint01","fsdfsfg","서블릿1145","12345","부천*학교","서울 구로*학원","010","1234","5678","servlet145","naver.com",19/02/26,90/01/01,0,0
"servlet1146","hint01","fsdfsfg","서블릿1146","12345","부천*학교","서울 구로*학원","010","1234","5678","servlet146","naver.com",19/02/26,90/01/01,0,0
"servlet1147","hint01","fsdfsfg","서블릿1147","12345","부천*학교","서울 구로*학원","010","1234","5678","servlet147","naver.com",19/02/26,90/01/01,0,0
"servlet1148","hint01","fsdfsfg","서블릿1148","12345","부천*학교","서울 구로*학원","010","1234","5678","servlet148","naver.com",19/02/26,90/01/01,0,0
"servlet1149","hint01","fsdfsfg","서블릿1149","12345","부천*학교","서울 구로*학원","010","1234","5678","servlet149","naver.com",19/02/26,90/01/01,0,0
"servlet1150","hint01","fsdfsfg","서블릿1150","12345","부천*학교","서울 구로*학원","010","1234","5678","servlet150","naver.com",19/02/26,90/01/01,0,0
"servlet1151","hint01","fsdfsfg","서블릿1151","12345","부천*학교","서울 구로*학원","010","1234","5678","servlet151","naver.com",19/02/26,90/01/01,0,0
"servlet1152","hint01","fsdfsfg","서블릿1152","12345","부천*학교","서울 구로*학원","010","1234","5678","servlet152","naver.com",19/02/26,90/01/01,0,0
"servlet1153","hint01","fsdfsfg","서블릿1153","12345","부천*학교","서울 구로*학원","010","1234","5678","servlet153","naver.com",19/02/26,90/01/01,0,0
"servlet1154","hint01","fsdfsfg","서블릿1154","12345","부천*학교","서울 구로*학원","010","1234","5678","servlet154","naver.com",19/02/26,90/01/01,0,0
"servlet1155","hint01","fsdfsfg","서블릿1155","12345","부천*학교","서울 구로*학원","010","1234","5678","servlet155","naver.com",19/02/26,90/01/01,0,0
"servlet1156","hint01","fsdfsfg","서블릿1156","12345","부천*학교","서울 구로*학원","010","1234","5678","servlet156","naver.com",19/02/26,90/01/01,0,0
"servlet1157","hint01","fsdfsfg","서블릿1157","12345","부천*학교","서울 구로*학원","010","1234","5678","servlet157","naver.com",19/02/26,90/01/01,0,0
"servlet1158","hint01","fsdfsfg","서블릿1158","12345","부천*학교","서울 구로*학원","010","1234","5678","servlet158","naver.com",19/02/26,90/01/01,0,0
"servlet1159","hint01","fsdfsfg","서블릿1159","12345","부천*학교","서울 구로*학원","010","1234","5678","servlet159","naver.com",19/02/26,90/01/01,0,0
"servlet1160","hint01","fsdfsfg","서블릿1160","12345","부천*학교","서울 구로*학원","010","1234","5678","servlet160","naver.com",19/02/26,90/01/01,0,0
"servlet1161","hint01","fsdfsfg","서블릿1161","12345","부천*학교","서울 구로*학원","010","1234","5678","servlet161","naver.com",19/02/26,90/01/01,0,0
"servlet1162","hint01","fsdfsfg","서블릿1162","12345","부천*학교","서울 구로*학원","010","1234","5678","servlet162","naver.com",19/02/26,90/01/01,0,0
"servlet1163","hint01","fsdfsfg","서블릿1163","12345","부천*학교","서울 구로*학원","010","1234","5678","servlet163","naver.com",19/02/26,90/01/01,0,0
"servlet1164","hint01","fsdfsfg","서블릿1164","12345","부천*학교","서울 구로*학원","010","1234","5678","servlet164","naver.com",19/02/26,90/01/01,0,0
"servlet1165","hint01","fsdfsfg","서블릿1165","12345","부천*학교","서울 구로*학원","010","1234","5678","servlet165","naver.com",19/02/26,90/01/01,0,0
"servlet1166","hint01","fsdfsfg","서블릿1166","12345","부천*학교","서울 구로*학원","010","1234","5678","servlet166","naver.com",19/02/26,90/01/01,0,0
"servlet1167","hint01","fsdfsfg","서블릿1167","12345","부천*학교","서울 구로*학원","010","1234","5678","servlet167","naver.com",19/02/26,90/01/01,0,0
"servlet1168","hint01","fsdfsfg","서블릿1168","12345","부천*학교","서울 구로*학원","010","1234","5678","servlet168","naver.com",19/02/26,90/01/01,0,0
"servlet1169","hint01","fsdfsfg","서블릿1169","12345","부천*학교","서울 구로*학원","010","1234","5678","servlet169","naver.com",19/02/26,90/01/01,0,0
"servlet1170","hint01","fsdfsfg","서블릿1170","12345","부천*학교","서울 구로*학원","010","1234","5678","servlet170","naver.com",19/02/26,90/01/01,0,0
"servlet1171","hint01","fsdfsfg","서블릿1171","12345","부천*학교","서울 구로*학원","010","1234","5678","servlet171","naver.com",19/02/26,90/01/01,0,0
"servlet1172","hint01","fsdfsfg","서블릿1172","12345","부천*학교","서울 구로*학원","010","1234","5678","servlet172","naver.com",19/02/26,90/01/01,0,0
"servlet1173","hint01","fsdfsfg","서블릿1173","12345","부천*학교","서울 구로*학원","010","1234","5678","servlet173","naver.com",19/02/26,90/01/01,0,0
"servlet1174","hint01","fsdfsfg","서블릿1174","12345","부천*학교","서울 구로*학원","010","1234","5678","servlet174","naver.com",19/02/26,90/01/01,0,0
"servlet1175","hint01","fsdfsfg","서블릿1175","12345","부천*학교","서울 구로*학원","010","1234","5678","servlet175","naver.com",19/02/26,90/01/01,0,0
"servlet1176","hint01","fsdfsfg","서블릿1176","12345","부천*학교","서울 구로*학원","010","1234","5678","servlet176","naver.com",19/02/26,90/01/01,0,0
"servlet1177","hint01","fsdfsfg","서블릿1177","12345","부천*학교","서울 구로*학원","010","1234","5678","servlet177","naver.com",19/02/26,90/01/01,0,0
"servlet1178","hint01","fsdfsfg","서블릿1178","12345","부천*학교","서울 구로*학원","010","1234","5678","servlet178","naver.com",19/02/26,90/01/01,0,0
"servlet1179","hint01","fsdfsfg","서블릿1179","12345","부천*학교","서울 구로*학원","010","1234","5678","servlet179","naver.com",19/02/26,90/01/01,0,0
"servlet1180","hint01","fsdfsfg","서블릿1180","12345","부천*학교","서울 구로*학원","010","1234","5678","servlet180","naver.com",19/02/26,90/01/01,0,0
"servlet1181","hint01","fsdfsfg","서블릿1181","12345","부천*학교","서울 구로*학원","010","1234","5678","servlet181","naver.com",19/02/26,90/01/01,0,0
"servlet1182","hint01","fsdfsfg","서블릿1182","12345","부천*학교","서울 구로*학원","010","1234","5678","servlet182","naver.com",19/02/26,90/01/01,0,0
"servlet1183","hint01","fsdfsfg","서블릿1183","12345","부천*학교","서울 구로*학원","010","1234","5678","servlet183","naver.com",19/02/26,90/01/01,0,0
"servlet1184","hint01","fsdfsfg","서블릿1184","12345","부천*학교","서울 구로*학원","010","1234","5678","servlet184","naver.com",19/02/26,90/01/01,0,0
"servlet1185","hint01","fsdfsfg","서블릿1185","12345","부천*학교","서울 구로*학원","010","1234","5678","servlet185","naver.com",19/02/26,90/01/01,0,0
"servlet1186","hint01","fsdfsfg","서블릿1186","12345","부천*학교","서울 구로*학원","010","1234","5678","servlet186","naver.com",19/02/26,90/01/01,0,0
"servlet1187","hint01","fsdfsfg","서블릿1187","12345","부천*학교","서울 구로*학원","010","1234","5678","servlet187","naver.com",19/02/26,90/01/01,0,0
"servlet1188","hint01","fsdfsfg","서블릿1188","12345","부천*학교","서울 구로*학원","010","1234","5678","servlet188","naver.com",19/02/26,90/01/01,0,0
"servlet1189","hint01","fsdfsfg","서블릿1189","12345","부천*학교","서울 구로*학원","010","1234","5678","servlet189","naver.com",19/02/26,90/01/01,0,0
"servlet1190","hint01","fsdfsfg","서블릿1190","12345","부천*학교","서울 구로*학원","010","1234","5678","servlet190","naver.com",19/02/26,90/01/01,0,0
"servlet1191","hint01","fsdfsfg","서블릿1191","12345","부천*학교","서울 구로*학원","010","1234","5678","servlet191","naver.com",19/02/26,90/01/01,0,0
"servlet1192","hint01","fsdfsfg","서블릿1192","12345","부천*학교","서울 구로*학원","010","1234","5678","servlet192","naver.com",19/02/26,90/01/01,0,0
"servlet1193","hint01","fsdfsfg","서블릿1193","12345","부천*학교","서울 구로*학원","010","1234","5678","servlet193","naver.com",19/02/26,90/01/01,0,0
"servlet1194","hint01","fsdfsfg","서블릿1194","12345","부천*학교","서울 구로*학원","010","1234","5678","servlet194","naver.com",19/02/26,90/01/01,0,0
"servlet1195","hint01","fsdfsfg","서블릿1195","12345","부천*학교","서울 구로*학원","010","1234","5678","servlet195","naver.com",19/02/26,90/01/01,0,0
"servlet1196","hint01","fsdfsfg","서블릿1196","12345","부천*학교","서울 구로*학원","010","1234","5678","servlet196","naver.com",19/02/26,90/01/01,0,0
"servlet1197","hint01","fsdfsfg","서블릿1197","12345","부천*학교","서울 구로*학원","010","1234","5678","servlet197","naver.com",19/02/26,90/01/01,0,0
"servlet1198","hint01","fsdfsfg","서블릿1198","12345","부천*학교","서울 구로*학원","010","1234","5678","servlet198","naver.com",19/02/26,90/01/01,0,0
"servlet1199","hint01","fsdfsfg","서블릿1199","12345","부천*학교","서울 구로*학원","010","1234","5678","servlet199","naver.com",19/02/26,90/01/01,0,0
"servlet1200","hint01","fsdfsfg","서블릿1200","12345","부천*학교","서울 구로*학원","010","1234","5678","servlet200","naver.com",19/02/26,90/01/01,0,0
"servlet1201","hint01","fsdfsfg","서블릿1201","12345","부천*학교","서울 구로*학원","010","1234","5678","servlet201","naver.com",19/02/26,90/01/01,0,0
"servlet1202","hint01","fsdfsfg","서블릿1202","12345","부천*학교","서울 구로*학원","010","1234","5678","servlet202","naver.com",19/02/26,90/01/01,0,0
"servlet1203","hint01","fsdfsfg","서블릿1203","12345","부천*학교","서울 구로*학원","010","1234","5678","servlet203","naver.com",19/02/26,90/01/01,0,0
"servlet1204","hint01","fsdfsfg","서블릿1204","12345","부천*학교","서울 구로*학원","010","1234","5678","servlet204","naver.com",19/02/26,90/01/01,0,0
"servlet1205","hint01","fsdfsfg","서블릿1205","12345","부천*학교","서울 구로*학원","010","1234","5678","servlet205","naver.com",19/02/26,90/01/01,0,0
"servlet1206","hint01","fsdfsfg","서블릿1206","12345","부천*학교","서울 구로*학원","010","1234","5678","servlet206","naver.com",19/02/26,90/01/01,0,0
"servlet1207","hint01","fsdfsfg","서블릿1207","12345","부천*학교","서울 구로*학원","010","1234","5678","servlet207","naver.com",19/02/26,90/01/01,0,0
"servlet1208","hint01","fsdfsfg","서블릿1208","12345","부천*학교","서울 구로*학원","010","1234","5678","servlet208","naver.com",19/02/26,90/01/01,0,0
"servlet1209","hint01","fsdfsfg","서블릿1209","12345","부천*학교","서울 구로*학원","010","1234","5678","servlet209","naver.com",19/02/26,90/01/01,0,0
"servlet1210","hint01","fsdfsfg","서블릿1210","12345","부천*학교","서울 구로*학원","010","1234","5678","servlet210","naver.com",19/02/26,90/01/01,0,0
"do5541hyun","hint01","asd","이도현","07758","서울 구로구 가마산로 87","한일유앤아이아파트 504호","010","1234","5678","do5541hyun","naver.com",19/02/26,,,
"servlet1111","hint01","fsdfsfg","서블릿1111","12345","부천*학교","서울 구로*학원","010","1234","5678","servlet111","naver.com",19/02/26,90/01/01,0,0
"servlet1112","hint01","fsdfsfg","서블릿1112","12345","부천*학교","서울 구로*학원","010","1234","5678","servlet112","naver.com",19/02/26,90/01/01,0,0
"servlet1113","hint01","fsdfsfg","서블릿1113","12345","부천*학교","서울 구로*학원","010","1234","5678","servlet113","naver.com",19/02/26,90/01/01,0,0
"servlet1114","hint01","fsdfsfg","서블릿1114","12345","부천*학교","서울 구로*학원","010","1234","5678","servlet114","naver.com",19/02/26,90/01/01,0,0
"servlet1115","hint01","fsdfsfg","서블릿1115","12345","부천*학교","서울 구로*학원","010","1234","5678","servlet115","naver.com",19/02/26,90/01/01,0,0
"servlet1116","hint01","fsdfsfg","서블릿1116","12345","부천*학교","서울 구로*학원","010","1234","5678","servlet116","naver.com",19/02/26,90/01/01,0,0
"servlet1117","hint01","fsdfsfg","서블릿1117","12345","부천*학교","서울 구로*학원","010","1234","5678","servlet117","naver.com",19/02/26,90/01/01,0,0
"servlet1118","hint01","fsdfsfg","서블릿1118","12345","부천*학교","서울 구로*학원","010","1234","5678","servlet118","naver.com",19/02/26,90/01/01,0,0
